–¼‘O,ƒAƒhƒŒƒX,”N—î
Œ´ —²,hara_takashi@example.com,48
’‡“c ‚Ğ‚©‚è,nakata_hikari@example.com,58
ñ“¡ ‚È‚Â‚İ,sudou_natsumi@example.com,75
]Œû Œõb,eguchi_mitsuomi@example.com,72
â–{ ”–¾,sakamoto_hiroaki@example.com,20
Œ´ –¢˜Ò,hara_mirai@example.com,39
•–Ø —q,kuroki_riko@example.com,71
‘ºR ‚µ‚Ú‚è,murayama_shibori@example.com,30
¯i Ÿ‹v,shouji_katsuhisa@example.com,31
ã“c ”üç,ueda_misaki@example.com,27
’¹‹ —Sˆê,torii_yuuichi@example.com,49
¬“c Œõ—Ç,narita_teruyoshi@example.com,63
ˆÀ”{ ‚Í‚¶‚ß,abe_hajime@example.com,54
—] —³–ç,yo_tatsuya@example.com,73
’·‘ò —¹,nagasawa_ryou@example.com,26
‹« ˜a,sakai_waka@example.com,26
•—ŠÔ «–ç,kazama_masaya@example.com,53
‚“ˆ “Õ,takashima_atsushi@example.com,28
‘å‘ò OÈ,oosawa_sansei@example.com,74
¬–¸ ˆê,ogura_hajime@example.com,48
‘ê ”ü²q,taki_misako@example.com,76
â‰º ‘åŒÜ˜Y,sakashita_daigorou@example.com,45
’·‰ª •Ä‘ ,nagaoka_yonezou@example.com,60
•½“c ‰ë”V,hirata_masayuki@example.com,36
¼’J —R÷,matsutani_yuki@example.com,33
‰Ô“c —D,hanada_yuu@example.com,70
Šâ‘º ˆŸŠó,iwamura_aki@example.com,59
“cì —²”V‰î,tagawa_ryuunosuke@example.com,51
’·è ˆÇ,nagasaki_ann@example.com,76
‘OŒ´ —y,maehara_haruka@example.com,47
…ã “Õ,mizukami_jun@example.com,35
ì”¨ _‘¾˜Y,kawahata_koutarou@example.com,35
Â“c ‰ëŒ÷,shinoda_masatoshi@example.com,42
‹v•Û [‘¥,kubo_mitsunori@example.com,71
‹Ê–Ø ‚İ‚ä‚«,tamaki_miyuki@example.com,30
”–Ø ”ü’qq,kashiwagi_michiko@example.com,64
÷ˆä —Y‘¾,sakurai_yuuta@example.com,27
Î’Ë Ê‰Ø,ishiduka_ayaka@example.com,25
–Ø‘º •}÷,kimura_motoki@example.com,66
_ŒË –,koube_mitsuru@example.com,64
¬’r Šó,koike_nozomi@example.com,43
–ö‘ò Œõ—Ç,yanagisawa_teruyoshi@example.com,54
¡ì ƒRƒE,imagawa_kou@example.com,37
“c‘ò Œ[‰î,tazawa_keisuke@example.com,41
‹{•” ‘,miyabe_satoshi@example.com,71
•ŸR ^“Ş”ü,fukuyama_manami@example.com,70
‘ºˆä ‚­‚é‚İ,murai_kurumi@example.com,23
÷ˆä ˆê,sakurai_hajime@example.com,24
Îâ Œb–ƒ,ishizaka_ema@example.com,50
“Œ ‰ë”V,higashi_masayuki@example.com,41
